label,attack_category,caught,total,recall
nmap,Probe,24,24,1.0
land,DoS,3,3,1.0
loadmodule,U2R,1,1,1.0
perl,U2R,1,1,1.0
phf,R2L,1,1,1.0
sqlattack,U2R,1,1,1.0
xsnoop,R2L,1,1,1.0
back,DoS,23,24,0.9583
mscan,Probe,21,24,0.875
buffer_overflow,U2R,7,8,0.875
httptunnel,U2R,20,24,0.8333
sendmail,R2L,5,6,0.8333
neptune,DoS,19,24,0.7917
satan,Probe,18,24,0.75
smurf,DoS,15,24,0.625
rootkit,U2R,3,5,0.6
xterm,U2R,3,5,0.6
portsweep,Probe,14,24,0.5833
saint,Probe,14,24,0.5833
warezmaster,R2L,14,24,0.5833
apache2,DoS,13,24,0.5417
named,R2L,3,7,0.4286
xlock,R2L,1,4,0.25
pod,DoS,3,16,0.1875
multihop,R2L,1,7,0.1429
guess_passwd,R2L,0,24,0.0
ipsweep,Probe,0,24,0.0
mailbomb,DoS,0,24,0.0
processtable,DoS,0,24,0.0
snmpgetattack,R2L,0,24,0.0
snmpguess,R2L,0,24,0.0
ps,U2R,0,6,0.0
teardrop,DoS,0,5,0.0
ftp_write,R2L,0,1,0.0
udpstorm,DoS,0,1,0.0
worm,R2L,0,1,0.0
